"ID","NAME"
"2","D942DN"
"3","N0EGMQ"
"4","N10156"
"5","N102UW"
"6","N103US"
"7","N104UW"
"8","N10575"
"9","N105UW"
"10","N107US"
"11","N108UW"
"12","N109UW"
"13","N110UW"
"14","N11106"
"15","N11107"
"16","N11109"
"17","N11113"
"18","N11119"
"19","N11121"
"20","N11127"
"21","N11137"
"22","N11140"
"23","N11150"
"24","N11155"
"25","N11164"
"26","N11165"
"27","N11176"
"28","N11181"
"29","N11184"
"30","N11187"
"31","N11189"
"32","N11191"
"33","N11192"
"34","N11193"
"35","N11194"
"36","N11199"
"37","N111US"
"38","N11206"
"39","N112US"
"40","N113UW"
"41","N114UW"
"42","N11535"
"43","N11536"
"44","N11539"
"45","N11544"
"46","N11547"
"47","N11548"
"48","N11551"
"49","N11565"
"50","N117UW"
"51","N118US"
"52","N119US"
"53","N1200K"
"54","N1201P"
"55","N12109"
"56","N12114"
"57","N12116"
"58","N12122"
"59","N12125"
"60","N12126"
"61","N12135"
"62","N12136"
"63","N12142"
"64","N12145"
"65","N12157"
"66","N12160"
"67","N12163"
"68","N12166"
"69","N12167"
"70","N12172"
"71","N12175"
"72","N12195"
"73","N121DE"
"74","N121UW"
"75","N12201"
"76","N12216"
"77","N12218"
"78","N12221"
"79","N12225"
"80","N12238"
"81","N122US"
"82","N123UW"
"83","N124US"
"84","N12540"
"85","N12552"
"86","N12563"
"87","N12564"
"88","N12567"
"89","N12569"
"90","N125UW"
"91","N126UW"
"92","N127UW"
"93","N128UW"
"94","N12900"
"95","N12921"
"96","N12922"
"97","N12924"
"98","N12957"
"99","N12967"
"100","N12996"
"101","N13110"
"102","N13113"
"103","N13118"
"104","N13123"
"105","N13124"
"106","N13132"
"107","N13133"
"108","N13138"
"109","N13161"
"110","N131EV"
"111","N13202"
"112","N13248"
"113","N132EV"
"114","N133EV"
"115","N134EV"
"116","N13538"
"117","N13550"
"118","N13553"
"119","N13566"
"120","N135EV"
"121","N136DL"
"122","N136EV"
"123","N13716"
"124","N13718"
"125","N13750"
"126","N137DL"
"127","N137EV"
"128","N138EV"
"129","N13903"
"130","N13908"
"131","N13913"
"132","N13914"
"133","N13949"
"134","N13955"
"135","N13956"
"136","N13958"
"137","N13964"
"138","N13965"
"139","N13968"
"140","N13969"
"141","N13970"
"142","N13975"
"143","N13978"
"144","N13979"
"145","N13988"
"146","N13989"
"147","N13992"
"148","N13994"
"149","N13995"
"150","N13997"
"151","N14102"
"152","N14105"
"153","N14106"
"154","N14107"
"155","N14115"
"156","N14116"
"157","N14117"
"158","N14118"
"159","N14120"
"160","N14121"
"161","N14125"
"162","N14143"
"163","N14148"
"164","N14153"
"165","N14158"
"166","N14162"
"167","N14168"
"168","N14171"
"169","N14173"
"170","N14174"
"171","N14177"
"172","N14179"
"173","N14180"
"174","N14186"
"175","N14188"
"176","N14198"
"177","N14203"
"178","N14204"
"179","N14214"
"180","N14219"
"181","N14228"
"182","N14230"
"183","N14231"
"184","N14237"
"185","N14242"
"186","N14250"
"187","N143DA"
"188","N14542"
"189","N14543"
"190","N14558"
"191","N14562"
"192","N14568"
"193","N14570"
"194","N14573"
"195","N14628"
"196","N14629"
"197","N146PQ"
"198","N14704"
"199","N14731"
"200","N147PQ"
"201","N14902"
"202","N14904"
"203","N14905"
"204","N14907"
"205","N14916"
"206","N14920"
"207","N14923"
"208","N14950"
"209","N14952"
"210","N14953"
"211","N14959"
"212","N14960"
"213","N14972"
"214","N14974"
"215","N14977"
"216","N14991"
"217","N14993"
"218","N14998"
"219","N149AT"
"220","N1501P"
"221","N150UW"
"222","N151UW"
"223","N152DL"
"224","N152UW"
"225","N153DL"
"226","N153PQ"
"227","N153UW"
"228","N154DL"
"229","N154UW"
"230","N15555"
"231","N15572"
"232","N15574"
"233","N155DL"
"234","N155UW"
"235","N156DL"
"236","N156UW"
"237","N15710"
"238","N15712"
"239","N157UW"
"240","N15910"
"241","N15912"
"242","N15973"
"243","N15980"
"244","N15983"
"245","N15985"
"246","N15986"
"247","N1602"
"248","N1603"
"249","N1604R"
"250","N1605"
"251","N16065"
"252","N1607B"
"253","N1608"
"254","N1609"
"255","N1610D"
"256","N16112"
"257","N1611B"
"258","N1612T"
"259","N1613B"
"260","N16147"
"261","N16149"
"262","N16151"
"263","N16170"
"264","N16178"
"265","N16183"
"266","N161PQ"
"267","N161UW"
"268","N16217"
"269","N16234"
"270","N162PQ"
"271","N162UW"
"272","N163US"
"273","N16541"
"274","N16546"
"275","N16559"
"276","N16561"
"277","N16571"
"278","N165US"
"279","N16632"
"280","N166PQ"
"281","N16701"
"282","N16703"
"283","N16709"
"284","N16713"
"285","N16732"
"286","N167US"
"287","N168AT"
"288","N16911"
"289","N16918"
"290","N16919"
"291","N16951"
"292","N16954"
"293","N16961"
"294","N16963"
"295","N16976"
"296","N16981"
"297","N16987"
"298","N16999"
"299","N169AT"
"300","N169DZ"
"301","N169UW"
"302","N170PQ"
"303","N170US"
"304","N17104"
"305","N17105"
"306","N17108"
"307","N17115"
"308","N17122"
"309","N17126"
"310","N17128"
"311","N17133"
"312","N17138"
"313","N17139"
"314","N17146"
"315","N17159"
"316","N17169"
"317","N17185"
"318","N17196"
"319","N171DN"
"320","N171DZ"
"321","N171US"
"322","N17229"
"323","N17233"
"324","N17244"
"325","N17245"
"326","N172DN"
"327","N172DZ"
"328","N172US"
"329","N173AT"
"330","N173DZ"
"331","N173US"
"332","N174AT"
"333","N174DN"
"334","N174DZ"
"335","N174US"
"336","N17560"
"337","N175AT"
"338","N175DN"
"339","N175DZ"
"340","N17627"
"341","N176AT"
"342","N176DN"
"343","N176DZ"
"344","N176PQ"
"345","N176UW"
"346","N17719"
"347","N17730"
"348","N177DN"
"349","N177DZ"
"350","N177US"
"351","N178DN"
"352","N178DZ"
"353","N178JB"
"354","N178US"
"355","N17984"
"356","N179DN"
"357","N179JB"
"358","N179UW"
"359","N180DN"
"360","N180US"
"361","N18101"
"362","N18102"
"363","N18112"
"364","N18114"
"365","N18119"
"366","N18120"
"367","N181DN"
"368","N181PQ"
"369","N181UW"
"370","N18220"
"371","N18223"
"372","N18243"
"373","N182DN"
"374","N182UW"
"375","N183DN"
"376","N183JB"
"377","N183UW"
"378","N184AT"
"379","N184DN"
"380","N184JB"
"381","N184US"
"382","N18556"
"383","N18557"
"384","N185DN"
"385","N185UW"
"386","N186DN"
"387","N186PQ"
"388","N186US"
"389","N187DN"
"390","N187JB"
"391","N187PQ"
"392","N187US"
"393","N188DN"
"394","N188US"
"395","N189DN"
"396","N189UW"
"397","N190DN"
"398","N190JB"
"399","N190UW"
"400","N19117"
"401","N19130"
"402","N19136"
"403","N19141"
"404","N191DN"
"405","N191UW"
"406","N192DN"
"407","N192JB"
"408","N192UW"
"409","N193DN"
"410","N193JB"
"411","N193UW"
"412","N194DN"
"413","N194UW"
"414","N19554"
"415","N195DN"
"416","N195PQ"
"417","N195UW"
"418","N196DN"
"419","N196UW"
"420","N197DN"
"421","N197JB"
"422","N197PQ"
"423","N197UW"
"424","N198DN"
"425","N198JB"
"426","N198UW"
"427","N19966"
"428","N199DN"
"429","N199UW"
"430","N1EAMQ"
"431","N200AA"
"432","N200PQ"
"433","N200WN"
"434","N201AA"
"435","N201FR"
"436","N201LV"
"437","N202AA"
"438","N202FR"
"439","N202WN"
"440","N203FR"
"441","N203JB"
"442","N203WN"
"443","N204FR"
"444","N204WN"
"445","N205FR"
"446","N205WN"
"447","N206FR"
"448","N206JB"
"449","N206UA"
"450","N206WN"
"451","N207FR"
"452","N207WN"
"453","N208FR"
"454","N208WN"
"455","N20904"
"456","N209FR"
"457","N209WN"
"458","N210FR"
"459","N210WN"
"460","N21108"
"461","N21129"
"462","N21130"
"463","N21144"
"464","N21154"
"465","N21197"
"466","N211FR"
"467","N211WN"
"468","N212WN"
"469","N213FR"
"470","N213WN"
"471","N214FR"
"472","N214WN"
"473","N21537"
"474","N215WN"
"475","N216FR"
"476","N216JB"
"477","N216WR"
"478","N21723"
"479","N217JC"
"480","N218FR"
"481","N218WN"
"482","N219WN"
"483","N220WN"
"484","N221FR"
"485","N221WN"
"486","N222WN"
"487","N223WN"
"488","N224WN"
"489","N225WN"
"490","N226WN"
"491","N227WN"
"492","N228JB"
"493","N228PQ"
"494","N228UA"
"495","N228WN"
"496","N22909"
"497","N22971"
"498","N229JB"
"499","N229WN"
"500","N230WN"
"501","N23139"
"502","N231JB"
"503","N231WN"
"504","N232PQ"
"505","N232WN"
"506","N233LV"
"507","N234WN"
"508","N235WN"
"509","N236JB"
"510","N236WN"
"511","N23707"
"512","N23708"
"513","N23721"
"514","N237WN"
"515","N238JB"
"516","N238WN"
"517","N239JB"
"518","N239WN"
"519","N240AT"
"520","N240WN"
"521","N24103"
"522","N24128"
"523","N241WN"
"524","N24202"
"525","N24211"
"526","N24212"
"527","N24224"
"528","N242WN"
"529","N243WN"
"530","N244WN"
"531","N245AY"
"532","N245WN"
"533","N24633"
"534","N246LV"
"535","N24702"
"536","N24706"
"537","N24715"
"538","N24729"
"539","N247JB"
"540","N247WN"
"541","N248WN"
"542","N249JB"
"543","N249WN"
"544","N250WN"
"545","N25134"
"546","N251WN"
"547","N252WN"
"548","N253WN"
"549","N254WN"
"550","N255WN"
"551","N256WN"
"552","N25705"
"553","N257WN"
"554","N258JB"
"555","N258WN"
"556","N259WN"
"557","N260WN"
"558","N26123"
"559","N26141"
"560","N261AT"
"561","N261AV"
"562","N261WN"
"563","N26208"
"564","N26210"
"565","N26215"
"566","N26226"
"567","N262WN"
"568","N263AV"
"569","N263WN"
"570","N264LV"
"571","N26545"
"572","N26549"
"573","N265JB"
"574","N265WN"
"575","N266JB"
"576","N266WN"
"577","N267AT"
"578","N267JB"
"579","N267WN"
"580","N268WN"
"581","N26906"
"582","N269WN"
"583","N270WN"
"584","N27152"
"585","N27190"
"586","N271LV"
"587","N27200"
"588","N27205"
"589","N27213"
"590","N27239"
"591","N272AT"
"592","N272PQ"
"593","N272WN"
"594","N273AT"
"595","N273JB"
"596","N273WN"
"597","N27421"
"598","N27477"
"599","N274JB"
"600","N274WN"
"601","N275WN"
"602","N276AT"
"603","N276WN"
"604","N27722"
"605","N27724"
"606","N27733"
"607","N277WN"
"608","N278AT"
"609","N278WN"
"610","N27901"
"611","N27962"
"612","N279AT"
"613","N279JB"
"614","N279PQ"
"615","N279WN"
"616","N280WN"
"617","N281AT"
"618","N281JB"
"619","N281WN"
"620","N282WN"
"621","N283AT"
"622","N283JB"
"623","N283WN"
"624","N28457"
"625","N28478"
"626","N284AT"
"627","N284JB"
"628","N284WN"
"629","N285AT"
"630","N285WN"
"631","N286WN"
"632","N287AT"
"633","N287WN"
"634","N288WN"
"635","N289AT"
"636","N289CT"
"637","N290AT"
"638","N290WN"
"639","N29124"
"640","N29129"
"641","N291AT"
"642","N291WN"
"643","N292JB"
"644","N292PQ"
"645","N292WN"
"646","N293PQ"
"647","N293WN"
"648","N294JB"
"649","N294PQ"
"650","N294WN"
"651","N295AT"
"652","N295PQ"
"653","N295WN"
"654","N296JB"
"655","N296PQ"
"656","N296WN"
"657","N29717"
"658","N297PQ"
"659","N297WN"
"660","N298JB"
"661","N298PQ"
"662","N298WN"
"663","N29906"
"664","N29917"
"665","N299AT"
"666","N299PQ"
"667","N299WN"
"668","N301DQ"
"669","N301NB"
"670","N302AS"
"671","N302DQ"
"672","N302NB"
"673","N303AS"
"674","N303DQ"
"675","N30401"
"676","N304DQ"
"677","N304JB"
"678","N305AS"
"679","N305DQ"
"680","N306AS"
"681","N306DQ"
"682","N306JB"
"683","N307AS"
"684","N307DQ"
"685","N307JB"
"686","N308AT"
"687","N308DE"
"688","N309AS"
"689","N309AT"
"690","N309DE"
"691","N309JB"
"692","N309US"
"693","N310DE"
"694","N310NW"
"695","N31131"
"696","N311US"
"697","N312US"
"698","N313US"
"699","N31412"
"700","N314NB"
"701","N314US"
"702","N315AS"
"703","N315AT"
"704","N315NB"
"705","N315US"
"706","N316AT"
"707","N316JB"
"708","N316NB"
"709","N316US"
"710","N317JB"
"711","N317NB"
"712","N317US"
"713","N317WN"
"714","N318AS"
"715","N318AT"
"716","N318JB"
"717","N318NB"
"718","N318US"
"719","N319AA"
"720","N319AS"
"721","N319NB"
"722","N319US"
"723","N320AA"
"724","N320AS"
"725","N320NB"
"726","N320US"
"727","N321NB"
"728","N321US"
"729","N322AA"
"730","N322NB"
"731","N322US"
"732","N323AA"
"733","N323AS"
"734","N323JB"
"735","N323NB"
"736","N323US"
"737","N32404"
"738","N324AA"
"739","N324JB"
"740","N324NB"
"741","N324US"
"742","N325AA"
"743","N325NB"
"744","N325US"
"745","N32626"
"746","N326AT"
"747","N326NB"
"748","N326US"
"749","N327AA"
"750","N327NB"
"751","N327NW"
"752","N328AA"
"753","N328AT"
"754","N328JB"
"755","N328NB"
"756","N328NW"
"757","N329AA"
"758","N329AT"
"759","N329JB"
"760","N329NB"
"761","N329NW"
"762","N330AT"
"763","N330NB"
"764","N330NW"
"765","N33103"
"766","N33132"
"767","N33182"
"768","N331NB"
"769","N331NW"
"770","N33203"
"771","N33209"
"772","N33262"
"773","N33264"
"774","N33266"
"775","N33284"
"776","N33286"
"777","N33289"
"778","N33292"
"779","N33294"
"780","N332AA"
"781","N332NB"
"782","N332NW"
"783","N333NB"
"784","N333NW"
"785","N334JB"
"786","N334NB"
"787","N334NW"
"788","N335AA"
"789","N335NB"
"790","N335NW"
"791","N336AA"
"792","N336AT"
"793","N336NB"
"794","N336NW"
"795","N33714"
"796","N337AT"
"797","N337JB"
"798","N337NB"
"799","N337NW"
"800","N338AA"
"801","N338AT"
"802","N338NB"
"803","N338NW"
"804","N339AA"
"805","N339JB"
"806","N339NB"
"807","N339NW"
"808","N340LV"
"809","N340NB"
"810","N340NW"
"811","N34110"
"812","N34111"
"813","N34131"
"814","N34137"
"815","N341NB"
"816","N341NW"
"817","N34222"
"818","N34282"
"819","N342AA"
"820","N342NB"
"821","N342NW"
"822","N343AA"
"823","N343NB"
"824","N343NW"
"825","N34455"
"826","N34460"
"827","N344AA"
"828","N344AT"
"829","N344NB"
"830","N344NW"
"831","N344SW"
"832","N345AA"
"833","N345NB"
"834","N345NW"
"835","N345SA"
"836","N346AA"
"837","N346JB"
"838","N346NB"
"839","N346SW"
"840","N347AA"
"841","N347NB"
"842","N347NW"
"843","N347SW"
"844","N348AA"
"845","N348JB"
"846","N348NB"
"847","N348NW"
"848","N349AA"
"849","N349NB"
"850","N349NW"
"851","N349SW"
"852","N350AA"
"853","N350NA"
"854","N350SW"
"855","N351AA"
"856","N351JB"
"857","N351NB"
"858","N351NW"
"859","N35204"
"860","N35260"
"861","N35271"
"862","N352AA"
"863","N352NB"
"864","N352NW"
"865","N352SW"
"866","N353AA"
"867","N353AT"
"868","N353JB"
"869","N353NB"
"870","N353NW"
"871","N353SW"
"872","N35407"
"873","N354AA"
"874","N354AT"
"875","N354JB"
"876","N354NB"
"877","N354NW"
"878","N354SW"
"879","N355AA"
"880","N355JB"
"881","N355NB"
"882","N355NW"
"883","N355SW"
"884","N356AA"
"885","N356NW"
"886","N356SW"
"887","N357AA"
"888","N357NB"
"889","N357NW"
"890","N357SW"
"891","N358AA"
"892","N358JB"
"893","N358NB"
"894","N358NW"
"895","N358SW"
"896","N359AA"
"897","N359NB"
"898","N359NW"
"899","N359SW"
"900","N360AA"
"901","N360NB"
"902","N360NW"
"903","N360SW"
"904","N361AA"
"905","N361NB"
"906","N361NW"
"907","N361SW"
"908","N361VA"
"909","N36207"
"910","N36247"
"911","N36272"
"912","N36280"
"913","N362AA"
"914","N362NB"
"915","N362NW"
"916","N362SW"
"917","N363AA"
"918","N363NB"
"919","N363NW"
"920","N363SW"
"921","N36444"
"922","N36447"
"923","N36469"
"924","N36472"
"925","N36476"
"926","N364AA"
"927","N364NB"
"928","N364NW"
"929","N364SW"
"930","N365AA"
"931","N365NB"
"932","N365NW"
"933","N365SW"
"934","N366AA"
"935","N366NB"
"936","N366NW"
"937","N366SW"
"938","N367AA"
"939","N367NW"
"940","N367SW"
"941","N368AA"
"942","N368JB"
"943","N368NB"
"944","N368NW"
"945","N368SW"
"946","N36915"
"947","N369AA"
"948","N369NB"
"949","N369NW"
"950","N369SW"
"951","N370AA"
"952","N370NB"
"953","N370NW"
"954","N370SW"
"955","N371AA"
"956","N371CA"
"957","N371DA"
"958","N371NB"
"959","N371NW"
"960","N371SW"
"961","N37252"
"962","N37253"
"963","N37255"
"964","N37263"
"965","N37267"
"966","N37273"
"967","N37274"
"968","N37277"
"969","N37281"
"970","N37287"
"971","N37290"
"972","N37293"
"973","N37298"
"974","N372AA"
"975","N372DA"
"976","N372NW"
"977","N372SW"
"978","N3730B"
"979","N3731T"
"980","N3732J"
"981","N3733Z"
"982","N3734B"
"983","N3735D"
"984","N3736C"
"985","N3737C"
"986","N3738B"
"987","N3739P"
"988","N373AA"
"989","N373DA"
"990","N373JB"
"991","N373NW"
"992","N373SW"
"993","N37408"
"994","N37409"
"995","N3740C"
"996","N37413"
"997","N37419"
"998","N3741S"
"999","N37420"
"1000","N37422"
"1001","N37427"
"1002","N3742C"
"1003","N37434"
"1004","N37437"
"1005","N3743H"
"1006","N3744F"
"1007","N37456"
"1008","N3745B"
"1009","N37462"
"1010","N37464"
"1011","N37465"
"1012","N37466"
"1013","N37468"
"1014","N3746H"
"1015","N37470"
"1016","N37471"
"1017","N37474"
"1018","N3747D"
"1019","N3748Y"
"1020","N3749D"
"1021","N374AA"
"1022","N374DA"
"1023","N374JB"
"1024","N374NW"
"1025","N374SW"
"1026","N3750D"
"1027","N3751B"
"1028","N3752"
"1029","N3753"
"1030","N3754A"
"1031","N3755D"
"1032","N3756"
"1033","N3757D"
"1034","N3758Y"
"1035","N3759"
"1036","N375AA"
"1037","N375DA"
"1038","N375JB"
"1039","N375NC"
"1040","N375SW"
"1041","N3760C"
"1042","N3761R"
"1043","N3762Y"
"1044","N3763D"
"1045","N3764D"
"1046","N3765"
"1047","N3766"
"1048","N3767"
"1049","N3768"
"1050","N3769L"
"1051","N376AA"
"1052","N376DA"
"1053","N376NW"
"1054","N376SW"
"1055","N37700"
"1056","N3771K"
"1057","N3772H"
"1058","N3773D"
"1059","N377AA"
"1060","N377DA"
"1061","N377NW"
"1062","N378AA"
"1063","N378DA"
"1064","N378NW"
"1065","N378SW"
"1066","N379AA"
"1067","N379DA"
"1068","N379SW"
"1069","N380AA"
"1070","N380DA"
"1071","N380HA"
"1072","N380SW"
"1073","N381AA"
"1074","N381DN"
"1075","N381HA"
"1076","N38257"
"1077","N38268"
"1078","N382AA"
"1079","N382DA"
"1080","N382HA"
"1081","N382SW"
"1082","N383AA"
"1083","N383DN"
"1084","N383HA"
"1085","N383SW"
"1086","N38403"
"1087","N38417"
"1088","N38424"
"1089","N38443"
"1090","N38446"
"1091","N38451"
"1092","N38454"
"1093","N38458"
"1094","N38459"
"1095","N38467"
"1096","N38473"
"1097","N384AA"
"1098","N384DA"
"1099","N384HA"
"1100","N384SW"
"1101","N385AA"
"1102","N385DN"
"1103","N385HA"
"1104","N386AA"
"1105","N386DA"
"1106","N386HA"
"1107","N386SW"
"1108","N38727"
"1109","N387AA"
"1110","N387DA"
"1111","N387SW"
"1112","N388AA"
"1113","N388DA"
"1114","N388HA"
"1115","N388SW"
"1116","N389AA"
"1117","N389DA"
"1118","N389HA"
"1119","N389SW"
"1120","N390AA"
"1121","N390DA"
"1122","N390HA"
"1123","N390SW"
"1124","N391AA"
"1125","N391CA"
"1126","N391DA"
"1127","N391HA"
"1128","N391SW"
"1129","N39297"
"1130","N392AA"
"1131","N392DA"
"1132","N392HA"
"1133","N392SW"
"1134","N393AA"
"1135","N393DA"
"1136","N393HA"
"1137","N39415"
"1138","N39416"
"1139","N39418"
"1140","N39423"
"1141","N39450"
"1142","N39461"
"1143","N39463"
"1144","N39475"
"1145","N394AA"
"1146","N394DA"
"1147","N394DL"
"1148","N394SW"
"1149","N395AA"
"1150","N395DN"
"1151","N395HA"
"1152","N395SW"
"1153","N396AA"
"1154","N396DA"
"1155","N396SW"
"1156","N39726"
"1157","N39728"
"1158","N397AA"
"1159","N397DA"
"1160","N397SW"
"1161","N398AA"
"1162","N398CA"
"1163","N398DA"
"1164","N398SW"
"1165","N399AA"
"1166","N399DA"
"1167","N399WN"
"1168","N3AAAA"
"1169","N3ABAA"
"1170","N3ACAA"
"1171","N3ADAA"
"1172","N3AEAA"
"1173","N3AEMQ"
"1174","N3AFAA"
"1175","N3AGAA"
"1176","N3AHAA"
"1177","N3AJAA"
"1178","N3AKAA"
"1179","N3ALAA"
"1180","N3AMAA"
"1181","N3ANAA"
"1182","N3APAA"
"1183","N3ARAA"
"1184","N3ASAA"
"1185","N3ATAA"
"1186","N3AUAA"
"1187","N3AVAA"
"1188","N3AWAA"
"1189","N3AXAA"
"1190","N3AYAA"
"1191","N3BAAA"
"1192","N3BBAA"
"1193","N3BCAA"
"1194","N3BDAA"
"1195","N3BEAA"
"1196","N3BFAA"
"1197","N3BGAA"
"1198","N3BHAA"
"1199","N3BJAA"
"1200","N3BKAA"
"1201","N3BLAA"
"1202","N3BMAA"
"1203","N3BNAA"
"1204","N3BPAA"
"1205","N3BRAA"
"1206","N3BSAA"
"1207","N3BTAA"
"1208","N3BUAA"
"1209","N3BVAA"
"1210","N3BWAA"
"1211","N3BXAA"
"1212","N3BYAA"
"1213","N3CAAA"
"1214","N3CBAA"
"1215","N3CCAA"
"1216","N3CDAA"
"1217","N3CEAA"
"1218","N3CFAA"
"1219","N3CGAA"
"1220","N3CHAA"
"1221","N3CJAA"
"1222","N3CKAA"
"1223","N3CLAA"
"1224","N3CMAA"
"1225","N3CNAA"
"1226","N3CPAA"
"1227","N3CRAA"
"1228","N3CSAA"
"1229","N3CTAA"
"1230","N3CUAA"
"1231","N3CVAA"
"1232","N3CWAA"
"1233","N3CXAA"
"1234","N3CYAA"
"1235","N3DAAA"
"1236","N3DBAA"
"1237","N3DCAA"
"1238","N3DDAA"
"1239","N3DEAA"
"1240","N3DFAA"
"1241","N3DGAA"
"1242","N3DHAA"
"1243","N3DJAA"
"1244","N3DLAA"
"1245","N3DMAA"
"1246","N3DNAA"
"1247","N3DPAA"
"1248","N3DRAA"
"1249","N3DSAA"
"1250","N3DTAA"
"1251","N3DUAA"
"1252","N3DVAA"
"1253","N3DWAA"
"1254","N3DXAA"
"1255","N3DYAA"
"1256","N3EAAA"
"1257","N3EBAA"
"1258","N3ECAA"
"1259","N3EDAA"
"1260","N3EEAA"
"1261","N3EFAA"
"1262","N3EGAA"
"1263","N3EHAA"
"1264","N3EJAA"
"1265","N3EKAA"
"1266","N3ELAA"
"1267","N3EMAA"
"1268","N3ENAA"
"1269","N3EPAA"
"1270","N3ERAA"
"1271","N3ESAA"
"1272","N3ETAA"
"1273","N3EUAA"
"1274","N3EVAA"
"1275","N3EWAA"
"1276","N3EXAA"
"1277","N3EYAA"
"1278","N3FAAA"
"1279","N3FBAA"
"1280","N3FCAA"
"1281","N3FDAA"
"1282","N3FEAA"
"1283","N3FFAA"
"1284","N3FGAA"
"1285","N3FHAA"
"1286","N3FJAA"
"1287","N3FKAA"
"1288","N3FLAA"
"1289","N3FMAA"
"1290","N3FNAA"
"1291","N3FPAA"
"1292","N3FRAA"
"1293","N3FSAA"
"1294","N3FTAA"
"1295","N3FUAA"
"1296","N3FVAA"
"1297","N3FWAA"
"1298","N3FXAA"
"1299","N3FYAA"
"1300","N3GAAA"
"1301","N3GBAA"
"1302","N3GCAA"
"1303","N3GDAA"
"1304","N3GEAA"
"1305","N3GFAA"
"1306","N3GGAA"
"1307","N3GHAA"
"1308","N3GJAA"
"1309","N3GKAA"
"1310","N3GLAA"
"1311","N3GMAA"
"1312","N3GNAA"
"1313","N3GPAA"
"1314","N3GRAA"
"1315","N3GSAA"
"1316","N3GTAA"
"1317","N3GUAA"
"1318","N3GVAA"
"1319","N3GWAA"
"1320","N3GXAA"
"1321","N3GYAA"
"1322","N3HAAA"
"1323","N3HBAA"
"1324","N3HCAA"
"1325","N3HDAA"
"1326","N3HEAA"
"1327","N3HFAA"
"1328","N3HGAA"
"1329","N3HHAA"
"1330","N3HJAA"
"1331","N3HKAA"
"1332","N3HLAA"
"1333","N3HMAA"
"1334","N3HNAA"
"1335","N3HPAA"
"1336","N3HRAA"
"1337","N3HSAA"
"1338","N3HTAA"
"1339","N3HUAA"
"1340","N3HVAA"
"1341","N3HWAA"
"1342","N3HXAA"
"1343","N3HYAA"
"1344","N3JAAA"
"1345","N3JBAA"
"1346","N3JCAA"
"1347","N3JDAA"
"1348","N3JEAA"
"1349","N3JFAA"
"1350","N3JGAA"
"1351","N3JHAA"
"1352","N3JJAA"
"1353","N3JKAA"
"1354","N3JLAA"
"1355","N3JMAA"
"1356","N3JNAA"
"1357","N3JPAA"
"1358","N3JRAA"
"1359","N3JSAA"
"1360","N3JTAA"
"1361","N3JUAA"
"1362","N3JVAA"
"1363","N3JWAA"
"1364","N3JXAA"
"1365","N3JYAA"
"1366","N3KAAA"
"1367","N3KBAA"
"1368","N3KCAA"
"1369","N3KDAA"
"1370","N3KEAA"
"1371","N3KFAA"
"1372","N3KGAA"
"1373","N3KHAA"
"1374","N3KJAA"
"1375","N3KKAA"
"1376","N3KLAA"
"1377","N3KMAA"
"1378","N3KNAA"
"1379","N3KPAA"
"1380","N3KRAA"
"1381","N3KSAA"
"1382","N3KTAA"
"1383","N3KUAA"
"1384","N3KVAA"
"1385","N3KWAA"
"1386","N3KXAA"
"1387","N3KYAA"
"1388","N3LAAA"
"1389","N3LBAA"
"1390","N3LDAA"
"1391","N3LEAA"
"1392","N3LFAA"
"1393","N3LGAA"
"1394","N400WN"
"1395","N401UA"
"1396","N401WN"
"1397","N402AS"
"1398","N402UA"
"1399","N402WN"
"1400","N403AA"
"1401","N403AS"
"1402","N403UA"
"1403","N403WN"
"1404","N404UA"
"1405","N404WN"
"1406","N405UA"
"1407","N405WN"
"1408","N406UA"
"1409","N406US"
"1410","N406WN"
"1411","N407AS"
"1412","N407UA"
"1413","N407WN"
"1414","N408AS"
"1415","N408UA"
"1416","N408WN"
"1417","N409AS"
"1418","N409UA"
"1419","N409US"
"1420","N409WN"
"1421","N410UA"
"1422","N410WN"
"1423","N41104"
"1424","N41135"
"1425","N41140"
"1426","N411UA"
"1427","N411WN"
"1428","N412UA"
"1429","N412WN"
"1430","N413AS"
"1431","N413UA"
"1432","N413WN"
"1433","N414UA"
"1434","N414WN"
"1435","N415UA"
"1436","N415WN"
"1437","N416UA"
"1438","N416WN"
"1439","N417UA"
"1440","N417WN"
"1441","N418UA"
"1442","N418WN"
"1443","N419AS"
"1444","N419UA"
"1445","N419US"
"1446","N419WN"
"1447","N420UA"
"1448","N420US"
"1449","N420WN"
"1450","N421LV"
"1451","N421UA"
"1452","N422UA"
"1453","N422WN"
"1454","N423AS"
"1455","N423UA"
"1456","N423WN"
"1457","N424AA"
"1458","N424UA"
"1459","N424WN"
"1460","N425AA"
"1461","N425LV"
"1462","N425UA"
"1463","N426AA"
"1464","N426UA"
"1465","N426US"
"1466","N426WN"
"1467","N427SW"
"1468","N427UA"
"1469","N427US"
"1470","N427WN"
"1471","N428UA"
"1472","N428WN"
"1473","N429UA"
"1474","N429WN"
"1475","N430UA"
"1476","N430US"
"1477","N430WN"
"1478","N431AS"
"1479","N431UA"
"1480","N431WN"
"1481","N432UA"
"1482","N432US"
"1483","N432WN"
"1484","N433AA"
"1485","N433AS"
"1486","N433LV"
"1487","N433UA"
"1488","N433US"
"1489","N434AA"
"1490","N434UA"
"1491","N434US"
"1492","N434WN"
"1493","N435AA"
"1494","N435AS"
"1495","N435UA"
"1496","N435US"
"1497","N435WN"
"1498","N436AA"
"1499","N436UA"
"1500","N436WN"
"1501","N437AA"
"1502","N437UA"
"1503","N437WN"
"1504","N438AA"
"1505","N438UA"
"1506","N438US"
"1507","N438WN"
"1508","N439AA"
"1509","N439UA"
"1510","N439US"
"1511","N439WN"
"1512","N440AS"
"1513","N440LV"
"1514","N440UA"
"1515","N440US"
"1516","N441UA"
"1517","N441US"
"1518","N441WN"
"1519","N442AS"
"1520","N442UA"
"1521","N442US"
"1522","N442WN"
"1523","N443UA"
"1524","N443US"
"1525","N443WN"
"1526","N444UA"
"1527","N444US"
"1528","N444WN"
"1529","N445UA"
"1530","N445US"
"1531","N445WN"
"1532","N446UA"
"1533","N446WN"
"1534","N447UA"
"1535","N447WN"
"1536","N448UA"
"1537","N448WN"
"1538","N449UA"
"1539","N449US"
"1540","N449WN"
"1541","N450UW"
"1542","N450WN"
"1543","N451UA"
"1544","N451UW"
"1545","N451WN"
"1546","N452UA"
"1547","N452UW"
"1548","N452WN"
"1549","N453UA"
"1550","N453UW"
"1551","N453WN"
"1552","N45440"
"1553","N454AA"
"1554","N454UA"
"1555","N454WN"
"1556","N455AA"
"1557","N455UA"
"1558","N455UW"
"1559","N455WN"
"1560","N456AA"
"1561","N456UA"
"1562","N456UW"
"1563","N456WN"
"1564","N457UA"
"1565","N457UW"
"1566","N457WN"
"1567","N458UA"
"1568","N458WN"
"1569","N45905"
"1570","N459UA"
"1571","N459UW"
"1572","N459WN"
"1573","N460UA"
"1574","N460UW"
"1575","N460WN"
"1576","N461UA"
"1577","N461WN"
"1578","N462UA"
"1579","N462WN"
"1580","N463UA"
"1581","N463WN"
"1582","N464UA"
"1583","N464WN"
"1584","N465UA"
"1585","N465WN"
"1586","N466AA"
"1587","N466UA"
"1588","N466WN"
"1589","N467AA"
"1590","N467UA"
"1591","N467WN"
"1592","N468AA"
"1593","N468UA"
"1594","N468WN"
"1595","N469AA"
"1596","N469UA"
"1597","N469WN"
"1598","N470AA"
"1599","N470UA"
"1600","N470WN"
"1601","N471AA"
"1602","N471UA"
"1603","N472AA"
"1604","N472UA"
"1605","N472WN"
"1606","N473AA"
"1607","N473UA"
"1608","N473WN"
"1609","N47414"
"1610","N474AA"
"1611","N474UA"
"1612","N474WN"
"1613","N475AA"
"1614","N475UA"
"1615","N475WN"
"1616","N476AA"
"1617","N476UA"
"1618","N476WN"
"1619","N477AA"
"1620","N477UA"
"1621","N477WN"
"1622","N478AA"
"1623","N478UA"
"1624","N478WN"
"1625","N479AA"
"1626","N479UA"
"1627","N479WN"
"1628","N480AA"
"1629","N480UA"
"1630","N480WN"
"1631","N48127"
"1632","N481AA"
"1633","N481UA"
"1634","N481WN"
"1635","N482AA"
"1636","N482UA"
"1637","N482WN"
"1638","N483AA"
"1639","N483UA"
"1640","N483WN"
"1641","N484AA"
"1642","N484UA"
"1643","N484WN"
"1644","N485AA"
"1645","N485UA"
"1646","N485WN"
"1647","N486AA"
"1648","N486UA"
"1649","N486WN"
"1650","N487AA"
"1651","N487UA"
"1652","N487WN"
"1653","N488AA"
"1654","N488UA"
"1655","N488WN"
"1656","N48901"
"1657","N489AA"
"1658","N489UA"
"1659","N489WN"
"1660","N490AA"
"1661","N490UA"
"1662","N490WN"
"1663","N491AA"
"1664","N491UA"
"1665","N491WN"
"1666","N492AA"
"1667","N492UA"
"1668","N492WN"
"1669","N493AA"
"1670","N493UA"
"1671","N493WN"
"1672","N494AA"
"1673","N494UA"
"1674","N494WN"
"1675","N495UA"
"1676","N495WN"
"1677","N496AA"
"1678","N496UA"
"1679","N496WN"
"1680","N497UA"
"1681","N497WN"
"1682","N498UA"
"1683","N498WN"
"1684","N499AA"
"1685","N499WN"
"1686","N4UBAA"
"1687","N4UCAA"
"1688","N4WAAA"
"1689","N4WJAA"
"1690","N4WKAA"
"1691","N4WLAA"
"1692","N4WMAA"
"1693","N4WNAA"
"1694","N4WPAA"
"1695","N4WRAA"
"1696","N4WSAA"
"1697","N4WTAA"
"1698","N4WVAA"
"1699","N4WWAA"
"1700","N4WYAA"
"1701","N4XBAA"
"1702","N4XCAA"
"1703","N4XDAA"
"1704","N4XEAA"
"1705","N4XFAA"
"1706","N4XGAA"
"1707","N4XHAA"
"1708","N4XJAA"
"1709","N4XKAA"
"1710","N4XLAA"
"1711","N4XMAA"
"1712","N4XNAA"
"1713","N4XPAA"
"1714","N4XRAA"
"1715","N4XSAA"
"1716","N4XTAA"
"1717","N4XUAA"
"1718","N4XVAA"
"1719","N4XWAA"
"1720","N4XXAA"
"1721","N4XYAA"
"1722","N4YAAA"
"1723","N4YBAA"
"1724","N4YCAA"
"1725","N4YDAA"
"1726","N4YEAA"
"1727","N4YFAA"
"1728","N4YGAA"
"1729","N4YHAA"
"1730","N4YJAA"
"1731","N4YKAA"
"1732","N4YLAA"
"1733","N4YMAA"
"1734","N4YNAA"
"1735","N4YPAA"
"1736","N4YRAA"
"1737","N4YSAA"
"1738","N4YTAA"
"1739","N4YUAA"
"1740","N500MQ"
"1741","N501AA"
"1742","N501MJ"
"1743","N501MQ"
"1744","N501US"
"1745","N502AA"
"1746","N502MJ"
"1747","N502MQ"
"1748","N502SW"
"1749","N502UA"
"1750","N503AA"
"1751","N503JB"
"1752","N503MJ"
"1753","N503MQ"
"1754","N503UA"
"1755","N503US"
"1756","N504AA"
"1757","N504JB"
"1758","N504MJ"
"1759","N504MQ"
"1760","N504UA"
"1761","N505AA"
"1762","N505JB"
"1763","N505MJ"
"1764","N505MQ"
"1765","N505SW"
"1766","N505UA"
"1767","N506AA"
"1768","N506AS"
"1769","N506JB"
"1770","N506MJ"
"1771","N506MQ"
"1772","N506SW"
"1773","N506UA"
"1774","N507AY"
"1775","N507JB"
"1776","N507MJ"
"1777","N507MQ"
"1778","N507UA"
"1779","N507US"
"1780","N508AA"
"1781","N508AS"
"1782","N508AY"
"1783","N508JB"
"1784","N508MJ"
"1785","N508MQ"
"1786","N508SW"
"1787","N508UA"
"1788","N509AA"
"1789","N509AY"
"1790","N509JB"
"1791","N509MJ"
"1792","N509MQ"
"1793","N509SW"
"1794","N509UA"
"1795","N510JB"
"1796","N510MJ"
"1797","N510MQ"
"1798","N510SW"
"1799","N510UA"
"1800","N510UW"
"1801","N511AA"
"1802","N511MJ"
"1803","N511MQ"
"1804","N511SW"
"1805","N511UA"
"1806","N512AA"
"1807","N512AS"
"1808","N512MJ"
"1809","N512MQ"
"1810","N512SW"
"1811","N512UA"
"1812","N513AA"
"1813","N513AS"
"1814","N513MJ"
"1815","N513MQ"
"1816","N513UA"
"1817","N514AA"
"1818","N514AS"
"1819","N514MJ"
"1820","N514MQ"
"1821","N514SW"
"1822","N514UA"
"1823","N515AA"
"1824","N515MJ"
"1825","N515MQ"
"1826","N515SW"
"1827","N515UA"
"1828","N516AA"
"1829","N516AS"
"1830","N516JB"
"1831","N516LR"
"1832","N516MQ"
"1833","N516UA"
"1834","N517AA"
"1835","N517AS"
"1836","N517JB"
"1837","N517MQ"
"1838","N517UA"
"1839","N518AA"
"1840","N518AS"
"1841","N518LR"
"1842","N518MQ"
"1843","N518UA"
"1844","N519AA"
"1845","N519AS"
"1846","N519JB"
"1847","N519LR"
"1848","N519MQ"
"1849","N519UA"
"1850","N519US"
"1851","N519UW"
"1852","N520AA"
"1853","N520AS"
"1854","N520JB"
"1855","N520MQ"
"1856","N520UA"
"1857","N520UW"
"1858","N521AA"
"1859","N521JB"
"1860","N521LR"
"1861","N521MQ"
"1862","N521SW"
"1863","N521UA"
"1864","N521US"
"1865","N521UW"
"1866","N521VA"
"1867","N522AA"
"1868","N522LR"
"1869","N522MQ"
"1870","N522SW"
"1871","N522UA"
"1872","N522US"
"1873","N522VA"
"1874","N523AS"
"1875","N523JB"
"1876","N523MQ"
"1877","N523SW"
"1878","N523UA"
"1879","N523US"
"1880","N523UW"
"1881","N523VA"
"1882","N524AS"
"1883","N524JB"
"1884","N524MQ"
"1885","N524SW"
"1886","N524UA"
"1887","N524UW"
"1888","N524VA"
"1889","N525AA"
"1890","N525AS"
"1891","N525MQ"
"1892","N525SW"
"1893","N525UA"
"1894","N525US"
"1895","N525VA"
"1896","N526AA"
"1897","N526AS"
"1898","N526JB"
"1899","N526MQ"
"1900","N526SW"
"1901","N526UA"
"1902","N526VA"
"1903","N527AA"
"1904","N527AS"
"1905","N527JB"
"1906","N527MQ"
"1907","N527SW"
"1908","N527UA"
"1909","N527VA"
"1910","N528AA"
"1911","N528AS"
"1912","N528MQ"
"1913","N528UA"
"1914","N528VA"
"1915","N529AA"
"1916","N529AS"
"1917","N529JB"
"1918","N529UA"
"1919","N529VA"
"1920","N530AA"
"1921","N530AS"
"1922","N530MQ"
"1923","N530UA"
"1924","N530US"
"1925","N530VA"
"1926","N531AS"
"1927","N531JB"
"1928","N531MQ"
"1929","N531US"
"1930","N532AS"
"1931","N532MQ"
"1932","N532UA"
"1933","N532US"
"1934","N533AS"
"1935","N533UA"
"1936","N533US"
"1937","N53441"
"1938","N53442"
"1939","N534AS"
"1940","N534JB"
"1941","N534MQ"
"1942","N534UA"
"1943","N534US"
"1944","N534UW"
"1945","N535AS"
"1946","N535JB"
"1947","N535MQ"
"1948","N535UA"
"1949","N535UW"
"1950","N536AA"
"1951","N536AS"
"1952","N536JB"
"1953","N536UA"
"1954","N536UW"
"1955","N537AA"
"1956","N537AS"
"1957","N537JB"
"1958","N537MQ"
"1959","N537UA"
"1960","N537UW"
"1961","N538AA"
"1962","N538AS"
"1963","N538CA"
"1964","N538UA"
"1965","N538UW"
"1966","N539AA"
"1967","N539MQ"
"1968","N539UA"
"1969","N539US"
"1970","N539UW"
"1971","N540AA"
"1972","N540UA"
"1973","N540US"
"1974","N540UW"
"1975","N541AA"
"1976","N541UA"
"1977","N541US"
"1978","N541UW"
"1979","N54241"
"1980","N542AA"
"1981","N542MQ"
"1982","N542US"
"1983","N542UW"
"1984","N543AA"
"1985","N543MQ"
"1986","N543UA"
"1987","N543US"
"1988","N543UW"
"1989","N544AA"
"1990","N544MQ"
"1991","N544UA"
"1992","N544UW"
"1993","N545AA"
"1994","N545UA"
"1995","N545UW"
"1996","N546AA"
"1997","N546AS"
"1998","N546MQ"
"1999","N546UA"
"2000","N546UW"
"2001","N54711"
"2002","N547AA"
"2003","N547JB"
"2004","N547UA"
"2005","N547US"
"2006","N547UW"
"2007","N548AA"
"2008","N548AS"
"2009","N548UA"
"2010","N548US"
"2011","N548UW"
"2012","N549AA"
"2013","N549AS"
"2014","N549UA"
"2015","N549US"
"2016","N549UW"
"2017","N550AA"
"2018","N550NW"
"2019","N550UA"
"2020","N550UW"
"2021","N550WN"
"2022","N551AA"
"2023","N551AS"
"2024","N551NW"
"2025","N551UA"
"2026","N551UW"
"2027","N551WN"
"2028","N552AA"
"2029","N552AS"
"2030","N552JB"
"2031","N552NW"
"2032","N552UA"
"2033","N552UW"
"2034","N552WN"
"2035","N553AA"
"2036","N553AS"
"2037","N553NW"
"2038","N553UA"
"2039","N553UW"
"2040","N553WN"
"2041","N554AA"
"2042","N554JB"
"2043","N554NW"
"2044","N554UA"
"2045","N554UW"
"2046","N554WN"
"2047","N555AA"
"2048","N555AY"
"2049","N555LV"
"2050","N555NW"
"2051","N555UA"
"2052","N556AA"
"2053","N556AS"
"2054","N556JB"
"2055","N556NW"
"2056","N556UA"
"2057","N556UW"
"2058","N556WN"
"2059","N557AA"
"2060","N557AS"
"2061","N557NW"
"2062","N557UA"
"2063","N557UW"
"2064","N558AA"
"2065","N558AS"
"2066","N558JB"
"2067","N558UA"
"2068","N558UW"
"2069","N559AA"
"2070","N559AS"
"2071","N559JB"
"2072","N559UA"
"2073","N559UW"
"2074","N560AA"
"2075","N560AS"
"2076","N560UA"
"2077","N560UW"
"2078","N561AA"
"2079","N561JB"
"2080","N561UA"
"2081","N561UW"
"2082","N562AS"
"2083","N562JB"
"2084","N562UA"
"2085","N562UW"
"2086","N563AS"
"2087","N563JB"
"2088","N563UA"
"2089","N563UW"
"2090","N564AA"
"2091","N564AS"
"2092","N564JB"
"2093","N564UA"
"2094","N564UW"
"2095","N565AA"
"2096","N565AS"
"2097","N565JB"
"2098","N565UA"
"2099","N565UW"
"2100","N566AA"
"2101","N566AS"
"2102","N566JB"
"2103","N566UA"
"2104","N566UW"
"2105","N567AA"
"2106","N567UA"
"2107","N567UW"
"2108","N56859"
"2109","N568AA"
"2110","N568AS"
"2111","N568JB"
"2112","N568UA"
"2113","N568UW"
"2114","N569AA"
"2115","N569AS"
"2116","N569JB"
"2117","N569UA"
"2118","N569UW"
"2119","N57016"
"2120","N570AA"
"2121","N570AS"
"2122","N570JB"
"2123","N570UA"
"2124","N570UW"
"2125","N57111"
"2126","N571AA"
"2127","N571JB"
"2128","N571UA"
"2129","N571UW"
"2130","N572UA"
"2131","N572UW"
"2132","N573AA"
"2133","N573UA"
"2134","N57439"
"2135","N574AA"
"2136","N574UA"
"2137","N575AA"
"2138","N575UA"
"2139","N576AA"
"2140","N576UA"
"2141","N577AA"
"2142","N577AS"
"2143","N577UA"
"2144","N57852"
"2145","N57855"
"2146","N57857"
"2147","N57862"
"2148","N57863"
"2149","N57864"
"2150","N57868"
"2151","N57869"
"2152","N57870"
"2153","N578AA"
"2154","N578UA"
"2155","N579AA"
"2156","N579AS"
"2157","N579JB"
"2158","N579UA"
"2159","N580AA"
"2160","N580JB"
"2161","N580UA"
"2162","N58101"
"2163","N581AA"
"2164","N581AS"
"2165","N581UA"
"2166","N582AA"
"2167","N582CA"
"2168","N583AA"
"2169","N583AS"
"2170","N583JB"
"2171","N584AA"
"2172","N584AS"
"2173","N584JB"
"2174","N584UA"
"2175","N585AA"
"2176","N585AS"
"2177","N585JB"
"2178","N585UA"
"2179","N586AA"
"2180","N586AS"
"2181","N586JB"
"2182","N586UA"
"2183","N587AA"
"2184","N587AS"
"2185","N587JB"
"2186","N587NW"
"2187","N587UA"
"2188","N588JB"
"2189","N588UA"
"2190","N589AA"
"2191","N589AS"
"2192","N589JB"
"2193","N589UA"
"2194","N59053"
"2195","N590AA"
"2196","N590AS"
"2197","N590JB"
"2198","N590NW"
"2199","N590UA"
"2200","N591AA"
"2201","N591JB"
"2202","N592AA"
"2203","N592AS"
"2204","N592JB"
"2205","N592UA"
"2206","N593AA"
"2207","N593AS"
"2208","N593JB"
"2209","N593UA"
"2210","N594AA"
"2211","N594AS"
"2212","N594JB"
"2213","N594NW"
"2214","N594UA"
"2215","N595AA"
"2216","N595JB"
"2217","N595NW"
"2218","N595UA"
"2219","N59630"
"2220","N596AA"
"2221","N596AS"
"2222","N596UA"
"2223","N597AA"
"2224","N597AS"
"2225","N597JB"
"2226","N597UA"
"2227","N598AA"
"2228","N598JB"
"2229","N598UA"
"2230","N599AA"
"2231","N599JB"
"2232","N5BRAA"
"2233","N5BSAA"
"2234","N5BTAA"
"2235","N5BVAA"
"2236","N5BYAA"
"2237","N5CAAA"
"2238","N5CBAA"
"2239","N5CCAA"
"2240","N5CDAA"
"2241","N5CEAA"
"2242","N5CFAA"
"2243","N5CGAA"
"2244","N5CHAA"
"2245","N5CKAA"
"2246","N5CLAA"
"2247","N5CNAA"
"2248","N5CPAA"
"2249","N5CRAA"
"2250","N5CSAA"
"2251","N5CYAA"
"2252","N5DAAA"
"2253","N5DBAA"
"2254","N5DCAA"
"2255","N5DDAA"
"2256","N5DEAA"
"2257","N5DFAA"
"2258","N5DHAA"
"2259","N5DJAA"
"2260","N5DKAA"
"2261","N5DLAA"
"2262","N5DMAA"
"2263","N5DNAA"
"2264","N5DPAA"
"2265","N5DRAA"
"2266","N5DSAA"
"2267","N5DTAA"
"2268","N5DUAA"
"2269","N5DVAA"
"2270","N5DWAA"
"2271","N5DXAA"
"2272","N5DYAA"
"2273","N5EAAA"
"2274","N5EBAA"
"2275","N5ECAA"
"2276","N5EDAA"
"2277","N5EEAA"
"2278","N5EFAA"
"2279","N5EGAA"
"2280","N5EHAA"
"2281","N5EJAA"
"2282","N5EKAA"
"2283","N5ELAA"
"2284","N5EMAA"
"2285","N5ENAA"
"2286","N5EPAA"
"2287","N5ERAA"
"2288","N5ESAA"
"2289","N5ETAA"
"2290","N5EUAA"
"2291","N5EVAA"
"2292","N5EWAA"
"2293","N5EXAA"
"2294","N5EYAA"
"2295","N5FAAA"
"2296","N5FBAA"
"2297","N5FCAA"
"2298","N5FDAA"
"2299","N5FEAA"
"2300","N5FFAA"
"2301","N5FGAA"
"2302","N5FHAA"
"2303","N5FJAA"
"2304","N5FKAA"
"2305","N5FLAA"
"2306","N5FMAA"
"2307","N5FNAA"
"2308","N5FPAA"
"2309","N5FRAA"
"2310","N5FSAA"
"2311","N5FTAA"
"2312","N5PBMQ"
"2313","N600LR"
"2314","N600MQ"
"2315","N600QX"
"2316","N600TR"
"2317","N600WN"
"2318","N601AW"
"2319","N601LR"
"2320","N601MQ"
"2321","N601WN"
"2322","N601XJ"
"2323","N602AW"
"2324","N602DL"
"2325","N602LR"
"2326","N602MQ"
"2327","N602SW"
"2328","N602XJ"
"2329","N603AT"
"2330","N603DL"
"2331","N603JB"
"2332","N603MQ"
"2333","N603SW"
"2334","N604AW"
"2335","N604DL"
"2336","N604LR"
"2337","N604MQ"
"2338","N604QX"
"2339","N604SW"
"2340","N605JB"
"2341","N605LR"
"2342","N605MQ"
"2343","N605QX"
"2344","N605SW"
"2345","N606JB"
"2346","N606LR"
"2347","N606MQ"
"2348","N606SW"
"2349","N607AT"
"2350","N607JB"
"2351","N607LR"
"2352","N607MQ"
"2353","N607SW"
"2354","N608AT"
"2355","N608DA"
"2356","N608JB"
"2357","N608MQ"
"2358","N608QX"
"2359","N608SW"
"2360","N609DL"
"2361","N609MQ"
"2362","N609SW"
"2363","N610DL"
"2364","N610MQ"
"2365","N610WN"
"2366","N611MQ"
"2367","N611QX"
"2368","N611SW"
"2369","N612AA"
"2370","N612DL"
"2371","N612JB"
"2372","N612MQ"
"2373","N612QX"
"2374","N612SW"
"2375","N613AA"
"2376","N613DL"
"2377","N613JB"
"2378","N613MQ"
"2379","N613SW"
"2380","N614DL"
"2381","N614MQ"
"2382","N614QX"
"2383","N614SW"
"2384","N615AA"
"2385","N615DL"
"2386","N615JB"
"2387","N615MQ"
"2388","N615QX"
"2389","N615SW"
"2390","N616DL"
"2391","N616MQ"
"2392","N616SW"
"2393","N617AA"
"2394","N617DL"
"2395","N617MQ"
"2396","N617SW"
"2397","N618AA"
"2398","N618DL"
"2399","N618JB"
"2400","N618MQ"
"2401","N618WN"
"2402","N619AA"
"2403","N619MQ"
"2404","N619SW"
"2405","N620MQ"
"2406","N620SW"
"2407","N621AA"
"2408","N621JB"
"2409","N621MQ"
"2410","N621SW"
"2411","N621VA"
"2412","N622AA"
"2413","N622AW"
"2414","N622MQ"
"2415","N622SW"
"2416","N622VA"
"2417","N623AA"
"2418","N623DL"
"2419","N623JB"
"2420","N623MQ"
"2421","N623SW"
"2422","N623VA"
"2423","N624AA"
"2424","N624AG"
"2425","N624AW"
"2426","N624JB"
"2427","N624MQ"
"2428","N624SW"
"2429","N624VA"
"2430","N625AA"
"2431","N625AW"
"2432","N625JB"
"2433","N625MQ"
"2434","N625SW"
"2435","N625VA"
"2436","N62631"
"2437","N626AW"
"2438","N626MQ"
"2439","N626SW"
"2440","N626VA"
"2441","N627AW"
"2442","N627DL"
"2443","N627JB"
"2444","N627MQ"
"2445","N627SW"
"2446","N627VA"
"2447","N628AA"
"2448","N628AW"
"2449","N628MQ"
"2450","N628SW"
"2451","N628VA"
"2452","N629JB"
"2453","N629MQ"
"2454","N629SW"
"2455","N629VA"
"2456","N630AA"
"2457","N630JB"
"2458","N630MQ"
"2459","N630VA"
"2460","N630WN"
"2461","N631AA"
"2462","N631AW"
"2463","N631MQ"
"2464","N631VA"
"2465","N632AW"
"2466","N632JB"
"2467","N632MQ"
"2468","N632SW"
"2469","N632VA"
"2470","N633AA"
"2471","N633AW"
"2472","N633DL"
"2473","N633JB"
"2474","N633MQ"
"2475","N633SW"
"2476","N633VA"
"2477","N634AA"
"2478","N634JB"
"2479","N634MQ"
"2480","N634SW"
"2481","N634VA"
"2482","N635AA"
"2483","N635DL"
"2484","N635JB"
"2485","N635MQ"
"2486","N635SW"
"2487","N635VA"
"2488","N636DL"
"2489","N636JB"
"2490","N636MQ"
"2491","N636VA"
"2492","N636WN"
"2493","N637DL"
"2494","N637JB"
"2495","N637MQ"
"2496","N637SW"
"2497","N637VA"
"2498","N638AA"
"2499","N638DL"
"2500","N638JB"
"2501","N638MQ"
"2502","N638SW"
"2503","N638VA"
"2504","N639AA"
"2505","N639DL"
"2506","N639JB"
"2507","N639MQ"
"2508","N639SW"
"2509","N639VA"
"2510","N640AA"
"2511","N640AW"
"2512","N640DL"
"2513","N640JB"
"2514","N640MQ"
"2515","N640SW"
"2516","N640VA"
"2517","N641DL"
"2518","N641JB"
"2519","N641MQ"
"2520","N641SW"
"2521","N641UA"
"2522","N641VA"
"2523","N642AA"
"2524","N642AW"
"2525","N642DL"
"2526","N642MQ"
"2527","N642VA"
"2528","N642WN"
"2529","N643DL"
"2530","N643JB"
"2531","N643MQ"
"2532","N643SW"
"2533","N644DL"
"2534","N644JB"
"2535","N644MQ"
"2536","N644SW"
"2537","N644UA"
"2538","N645DL"
"2539","N645JB"
"2540","N645MQ"
"2541","N645SW"
"2542","N646DL"
"2543","N646JB"
"2544","N646MQ"
"2545","N646SW"
"2546","N646UA"
"2547","N647AW"
"2548","N647DL"
"2549","N647MQ"
"2550","N647SW"
"2551","N647UA"
"2552","N64809"
"2553","N648AW"
"2554","N648DL"
"2555","N648JB"
"2556","N648MQ"
"2557","N648SW"
"2558","N648UA"
"2559","N649AW"
"2560","N649DL"
"2561","N649JB"
"2562","N649MQ"
"2563","N649SW"
"2564","N649UA"
"2565","N650AW"
"2566","N650DL"
"2567","N650MQ"
"2568","N650SW"
"2569","N651AW"
"2570","N651DL"
"2571","N651JB"
"2572","N651MQ"
"2573","N651SW"
"2574","N651UA"
"2575","N652AW"
"2576","N652DL"
"2577","N652JB"
"2578","N652MQ"
"2579","N652SW"
"2580","N652UA"
"2581","N653AW"
"2582","N653JB"
"2583","N653MQ"
"2584","N653SW"
"2585","N653UA"
"2586","N654AW"
"2587","N654DL"
"2588","N654MQ"
"2589","N654SW"
"2590","N654UA"
"2591","N655AW"
"2592","N655DL"
"2593","N655JB"
"2594","N655MQ"
"2595","N655UA"
"2596","N655WN"
"2597","N656AW"
"2598","N656JB"
"2599","N656MQ"
"2600","N656SW"
"2601","N656UA"
"2602","N657AW"
"2603","N657JB"
"2604","N657MQ"
"2605","N657SW"
"2606","N657UA"
"2607","N658AW"
"2608","N658DL"
"2609","N658JB"
"2610","N658MQ"
"2611","N658SW"
"2612","N658UA"
"2613","N659AW"
"2614","N659DL"
"2615","N659JB"
"2616","N659MQ"
"2617","N659SW"
"2618","N659UA"
"2619","N66051"
"2620","N66056"
"2621","N66057"
"2622","N660AW"
"2623","N660DL"
"2624","N660MQ"
"2625","N660SW"
"2626","N660UA"
"2627","N661AW"
"2628","N661DN"
"2629","N661JB"
"2630","N661MQ"
"2631","N661UA"
"2632","N662AW"
"2633","N662DN"
"2634","N662JB"
"2635","N662MQ"
"2636","N662SW"
"2637","N663AW"
"2638","N663DN"
"2639","N663JB"
"2640","N663MQ"
"2641","N663SW"
"2642","N663UA"
"2643","N664AW"
"2644","N664DN"
"2645","N664MQ"
"2646","N664UA"
"2647","N665AW"
"2648","N665DN"
"2649","N665JB"
"2650","N665MQ"
"2651","N665UA"
"2652","N665WN"
"2653","N666DN"
"2654","N666UA"
"2655","N667AW"
"2656","N667DN"
"2657","N667MQ"
"2658","N667UA"
"2659","N66803"
"2660","N66808"
"2661","N668AW"
"2662","N668DN"
"2663","N668MQ"
"2664","N668UA"
"2665","N669AW"
"2666","N669DN"
"2667","N669MQ"
"2668","N669SW"
"2669","N669UA"
"2670","N6700"
"2671","N6701"
"2672","N6702"
"2673","N6703D"
"2674","N6704Z"
"2675","N67052"
"2676","N67058"
"2677","N6705Y"
"2678","N6706Q"
"2679","N6707A"
"2680","N6708D"
"2681","N6709"
"2682","N670DN"
"2683","N670MQ"
"2684","N670SW"
"2685","N670UA"
"2686","N670US"
"2687","N6710E"
"2688","N6711M"
"2689","N6712B"
"2690","N67134"
"2691","N6713Y"
"2692","N6714Q"
"2693","N6715C"
"2694","N6716C"
"2695","N67171"
"2696","N671DN"
"2697","N671MQ"
"2698","N671UA"
"2699","N672AW"
"2700","N672DL"
"2701","N672MQ"
"2702","N672UA"
"2703","N673AW"
"2704","N673DL"
"2705","N673MQ"
"2706","N673UA"
"2707","N674DL"
"2708","N674MQ"
"2709","N674UA"
"2710","N675AW"
"2711","N675DL"
"2712","N675MC"
"2713","N675MQ"
"2714","N675UA"
"2715","N676AW"
"2716","N676CA"
"2717","N676DL"
"2718","N676MQ"
"2719","N676UA"
"2720","N677AW"
"2721","N677MQ"
"2722","N677UA"
"2723","N678AW"
"2724","N678CA"
"2725","N678DL"
"2726","N678MQ"
"2727","N679AW"
"2728","N679DA"
"2729","N679MQ"
"2730","N68061"
"2731","N680AW"
"2732","N680DA"
"2733","N680MQ"
"2734","N68159"
"2735","N68160"
"2736","N681DA"
"2737","N681MQ"
"2738","N682DA"
"2739","N682MQ"
"2740","N683BR"
"2741","N683DA"
"2742","N683MQ"
"2743","N68452"
"2744","N68453"
"2745","N684DA"
"2746","N684MQ"
"2747","N684WN"
"2748","N685DA"
"2749","N685MQ"
"2750","N685SW"
"2751","N686DA"
"2752","N686MQ"
"2753","N687DL"
"2754","N687MQ"
"2755","N687SW"
"2756","N68801"
"2757","N68802"
"2758","N68805"
"2759","N68807"
"2760","N688DL"
"2761","N688MQ"
"2762","N689DL"
"2763","N689MQ"
"2764","N69059"
"2765","N69063"
"2766","N690DL"
"2767","N690MQ"
"2768","N69154"
"2769","N691CA"
"2770","N691MQ"
"2771","N691WN"
"2772","N692DL"
"2773","N692MQ"
"2774","N693CA"
"2775","N693DL"
"2776","N693MQ"
"2777","N693SW"
"2778","N694DL"
"2779","N694MQ"
"2780","N694SW"
"2781","N695CA"
"2782","N695DL"
"2783","N695MQ"
"2784","N696DL"
"2785","N696MQ"
"2786","N697DL"
"2787","N697MQ"
"2788","N697SW"
"2789","N69804"
"2790","N69806"
"2791","N698DL"
"2792","N698MQ"
"2793","N699DL"
"2794","N699MQ"
"2795","N6EAMQ"
"2796","N700GS"
"2797","N700UW"
"2798","N701GS"
"2799","N701SK"
"2800","N701UW"
"2801","N702SK"
"2802","N702TW"
"2803","N702UW"
"2804","N703JB"
"2805","N703SW"
"2806","N703TW"
"2807","N703UW"
"2808","N704SW"
"2809","N704US"
"2810","N704X"
"2811","N705JB"
"2812","N705SK"
"2813","N705SW"
"2814","N705TW"
"2815","N705UW"
"2816","N706JB"
"2817","N706SW"
"2818","N706TW"
"2819","N707EV"
"2820","N707SA"
"2821","N707TW"
"2822","N708EV"
"2823","N708JB"
"2824","N708SW"
"2825","N708UW"
"2826","N709EV"
"2827","N709JB"
"2828","N709SW"
"2829","N709TW"
"2830","N709UW"
"2831","N710EV"
"2832","N710SK"
"2833","N710SW"
"2834","N710TW"
"2835","N710UW"
"2836","N711HK"
"2837","N711MQ"
"2838","N711UW"
"2839","N711ZX"
"2840","N712EV"
"2841","N712JB"
"2842","N712SW"
"2843","N712TW"
"2844","N712US"
"2845","N713EV"
"2846","N713MQ"
"2847","N713SW"
"2848","N713TW"
"2849","N713UW"
"2850","N71411"
"2851","N714CB"
"2852","N714US"
"2853","N715JB"
"2854","N715SW"
"2855","N715UW"
"2856","N716EV"
"2857","N716SW"
"2858","N716UW"
"2859","N717EV"
"2860","N717JL"
"2861","N717MQ"
"2862","N717SA"
"2863","N717TW"
"2864","N717UW"
"2865","N718EV"
"2866","N718SW"
"2867","N718TW"
"2868","N719EV"
"2869","N719MQ"
"2870","N719SW"
"2871","N720EV"
"2872","N720MQ"
"2873","N720WN"
"2874","N721MQ"
"2875","N721TW"
"2876","N721UW"
"2877","N722EV"
"2878","N722MQ"
"2879","N722TW"
"2880","N722US"
"2881","N723EV"
"2882","N723MQ"
"2883","N723SW"
"2884","N723TW"
"2885","N723UW"
"2886","N72405"
"2887","N724EV"
"2888","N724MQ"
"2889","N724SW"
"2890","N724UW"
"2891","N725MQ"
"2892","N725SW"
"2893","N725UW"
"2894","N726SK"
"2895","N726SW"
"2896","N727SW"
"2897","N727TW"
"2898","N728SK"
"2899","N728SW"
"2900","N729JB"
"2901","N729SW"
"2902","N730EV"
"2903","N730MQ"
"2904","N730SW"
"2905","N730US"
"2906","N73152"
"2907","N731SA"
"2908","N73251"
"2909","N73256"
"2910","N73259"
"2911","N73270"
"2912","N73275"
"2913","N73276"
"2914","N73278"
"2915","N73283"
"2916","N73291"
"2917","N73299"
"2918","N732SW"
"2919","N732US"
"2920","N733SA"
"2921","N733UW"
"2922","N73406"
"2923","N73445"
"2924","N734MQ"
"2925","N734SA"
"2926","N735MQ"
"2927","N735SA"
"2928","N736MQ"
"2929","N736SA"
"2930","N737JW"
"2931","N737MQ"
"2932","N737US"
"2933","N73860"
"2934","N738CB"
"2935","N738EV"
"2936","N738MQ"
"2937","N738US"
"2938","N739GB"
"2939","N739MQ"
"2940","N740EV"
"2941","N740SK"
"2942","N740SW"
"2943","N740UW"
"2944","N741EV"
"2945","N741SA"
"2946","N741UW"
"2947","N742PS"
"2948","N742SW"
"2949","N743SW"
"2950","N744EV"
"2951","N744P"
"2952","N744SW"
"2953","N745SW"
"2954","N745VJ"
"2955","N746JB"
"2956","N746SK"
"2957","N746SW"
"2958","N746UW"
"2959","N747SA"
"2960","N747UW"
"2961","N74856"
"2962","N748EV"
"2963","N748SW"
"2964","N748UW"
"2965","N749SW"
"2966","N749US"
"2967","N750AT"
"2968","N750EV"
"2969","N750SA"
"2970","N750UW"
"2971","N751EV"
"2972","N751SW"
"2973","N751UW"
"2974","N752EV"
"2975","N752SW"
"2976","N752US"
"2977","N753EV"
"2978","N753SW"
"2979","N753US"
"2980","N75410"
"2981","N75425"
"2982","N75426"
"2983","N75428"
"2984","N75429"
"2985","N75432"
"2986","N75433"
"2987","N75435"
"2988","N75436"
"2989","N754EV"
"2990","N754SW"
"2991","N754UW"
"2992","N755EV"
"2993","N755SA"
"2994","N755US"
"2995","N756SA"
"2996","N756US"
"2997","N757AT"
"2998","N757LV"
"2999","N757UW"
"3000","N75851"
"3001","N75853"
"3002","N75854"
"3003","N75858"
"3004","N75861"
"3005","N758EV"
"3006","N758SW"
"3007","N758US"
"3008","N759EV"
"3009","N759GS"
"3010","N76054"
"3011","N76055"
"3012","N76062"
"3013","N76064"
"3014","N76065"
"3015","N760EV"
"3016","N760JB"
"3017","N760SK"
"3018","N760SW"
"3019","N760US"
"3020","N76153"
"3021","N761ND"
"3022","N761RR"
"3023","N76254"
"3024","N76265"
"3025","N76269"
"3026","N76288"
"3027","N762NC"
"3028","N762SK"
"3029","N762SW"
"3030","N762US"
"3031","N763JB"
"3032","N763SW"
"3033","N763US"
"3034","N764NC"
"3035","N764SW"
"3036","N764US"
"3037","N76502"
"3038","N76503"
"3039","N76504"
"3040","N76505"
"3041","N76508"
"3042","N76514"
"3043","N76515"
"3044","N76516"
"3045","N76517"
"3046","N76519"
"3047","N76522"
"3048","N76523"
"3049","N76526"
"3050","N76528"
"3051","N76529"
"3052","N765SW"
"3053","N765US"
"3054","N766JB"
"3055","N766NC"
"3056","N766SK"
"3057","N766SW"
"3058","N766US"
"3059","N767NC"
"3060","N767SW"
"3061","N767UW"
"3062","N768JB"
"3063","N768SK"
"3064","N768SW"
"3065","N768US"
"3066","N769SW"
"3067","N769US"
"3068","N77012"
"3069","N7702A"
"3070","N7704B"
"3071","N77066"
"3072","N770NC"
"3073","N770SA"
"3074","N770UW"
"3075","N7713A"
"3076","N7714B"
"3077","N7715E"
"3078","N771SA"
"3079","N7724A"
"3080","N77258"
"3081","N77261"
"3082","N7726A"
"3083","N77295"
"3084","N77296"
"3085","N772SK"
"3086","N772SW"
"3087","N7730A"
"3088","N7732A"
"3089","N7734H"
"3090","N7735A"
"3091","N7738A"
"3092","N7739A"
"3093","N773NC"
"3094","N773SA"
"3095","N7740A"
"3096","N7741C"
"3097","N77430"
"3098","N77431"
"3099","N7744A"
"3100","N7746C"
"3101","N774NC"
"3102","N774SW"
"3103","N77510"
"3104","N77518"
"3105","N77520"
"3106","N77525"
"3107","N77530"
"3108","N775JB"
"3109","N775NC"
"3110","N775SW"
"3111","N776SK"
"3112","N776WN"
"3113","N777NC"
"3114","N777QC"
"3115","N777UA"
"3116","N77865"
"3117","N77867"
"3118","N77871"
"3119","N778SK"
"3120","N778SW"
"3121","N779JB"
"3122","N779NC"
"3123","N779SW"
"3124","N78003"
"3125","N78013"
"3126","N78060"
"3127","N780NC"
"3128","N780SK"
"3129","N780SW"
"3130","N7811F"
"3131","N7812G"
"3132","N781WN"
"3133","N78285"
"3134","N782NC"
"3135","N782SA"
"3136","N783SW"
"3137","N78438"
"3138","N78448"
"3139","N784JB"
"3140","N784NC"
"3141","N784SW"
"3142","N78501"
"3143","N78506"
"3144","N78509"
"3145","N78511"
"3146","N78524"
"3147","N785SK"
"3148","N785SW"
"3149","N786NC"
"3150","N786SW"
"3151","N787NC"
"3152","N787SA"
"3153","N787UA"
"3154","N78866"
"3155","N788SA"
"3156","N789JB"
"3157","N789SK"
"3158","N789SW"
"3159","N790SK"
"3160","N790SW"
"3161","N791SW"
"3162","N79279"
"3163","N792SW"
"3164","N793JB"
"3165","N793SA"
"3166","N79402"
"3167","N794JB"
"3168","N794SK"
"3169","N794SW"
"3170","N79521"
"3171","N795SK"
"3172","N795SW"
"3173","N796JB"
"3174","N796SW"
"3175","N797MX"
"3176","N797SK"
"3177","N798SW"
"3178","N799SW"
"3179","N7AAAA"
"3180","N7ACAA"
"3181","N7AEAA"
"3182","N7ALAA"
"3183","N7ASAA"
"3184","N7AXAA"
"3185","N7AYAA"
"3186","N7BAAA"
"3187","N7BFAA"
"3188","N7BGAA"
"3189","N7BKAA"
"3190","N7BMAA"
"3191","N7BVAA"
"3192","N7CAAA"
"3193","N800AY"
"3194","N800MQ"
"3195","N801AW"
"3196","N801AY"
"3197","N801UA"
"3198","N802AW"
"3199","N802MQ"
"3200","N802UA"
"3201","N803MQ"
"3202","N803SK"
"3203","N803UA"
"3204","N804AW"
"3205","N804JB"
"3206","N804MQ"
"3207","N804UA"
"3208","N805AY"
"3209","N805JB"
"3210","N805MQ"
"3211","N805UA"
"3212","N806JB"
"3213","N806MQ"
"3214","N806UA"
"3215","N807AW"
"3216","N807JB"
"3217","N807MQ"
"3218","N807UA"
"3219","N808MQ"
"3220","N808UA"
"3221","N809AW"
"3222","N809JB"
"3223","N809NW"
"3224","N809UA"
"3225","N810AW"
"3226","N810MQ"
"3227","N810UA"
"3228","N811MQ"
"3229","N811UA"
"3230","N812AW"
"3231","N812AY"
"3232","N812MQ"
"3233","N812UA"
"3234","N813AY"
"3235","N813MQ"
"3236","N813SK"
"3237","N813UA"
"3238","N81449"
"3239","N814AW"
"3240","N814MQ"
"3241","N814UA"
"3242","N815AW"
"3243","N815MQ"
"3244","N815UA"
"3245","N816MQ"
"3246","N816UA"
"3247","N817AW"
"3248","N817MQ"
"3249","N817UA"
"3250","N818MQ"
"3251","N818UA"
"3252","N819AW"
"3253","N819AY"
"3254","N819MQ"
"3255","N819UA"
"3256","N820AS"
"3257","N820AW"
"3258","N820AY"
"3259","N820MQ"
"3260","N820UA"
"3261","N821AW"
"3262","N821AY"
"3263","N821JB"
"3264","N821MQ"
"3265","N821UA"
"3266","N822MQ"
"3267","N822UA"
"3268","N823AY"
"3269","N823MQ"
"3270","N823UA"
"3271","N824AS"
"3272","N824AW"
"3273","N824AY"
"3274","N824MQ"
"3275","N824UA"
"3276","N825AS"
"3277","N825AW"
"3278","N825AY"
"3279","N825MH"
"3280","N825MQ"
"3281","N825UA"
"3282","N826AS"
"3283","N826AW"
"3284","N826AY"
"3285","N826MH"
"3286","N826MQ"
"3287","N826UA"
"3288","N827AS"
"3289","N827AW"
"3290","N827AY"
"3291","N827JB"
"3292","N827MH"
"3293","N827MQ"
"3294","N827UA"
"3295","N828AS"
"3296","N828AW"
"3297","N828JB"
"3298","N828MH"
"3299","N828MQ"
"3300","N828UA"
"3301","N829AS"
"3302","N829AY"
"3303","N829MH"
"3304","N829MQ"
"3305","N829UA"
"3306","N8301J"
"3307","N8302F"
"3308","N8303R"
"3309","N8305E"
"3310","N8306H"
"3311","N8307K"
"3312","N8308K"
"3313","N8309C"
"3314","N830AS"
"3315","N830AW"
"3316","N830AY"
"3317","N830MQ"
"3318","N830UA"
"3319","N8310C"
"3320","N8311Q"
"3321","N8312C"
"3322","N8313F"
"3323","N8314L"
"3324","N8315C"
"3325","N8316H"
"3326","N8317M"
"3327","N8318F"
"3328","N8319F"
"3329","N831AW"
"3330","N831AY"
"3331","N831MH"
"3332","N831MQ"
"3333","N831UA"
"3334","N8320J"
"3335","N8321D"
"3336","N8322X"
"3337","N8323C"
"3338","N8324A"
"3339","N8325D"
"3340","N8326F"
"3341","N8327A"
"3342","N8328A"
"3343","N8329B"
"3344","N832AS"
"3345","N832AY"
"3346","N832MQ"
"3347","N832UA"
"3348","N833AS"
"3349","N833AY"
"3350","N833MQ"
"3351","N833UA"
"3352","N834AS"
"3353","N834AW"
"3354","N834AY"
"3355","N834JB"
"3356","N834MH"
"3357","N834MQ"
"3358","N834UA"
"3359","N835AS"
"3360","N835AW"
"3361","N835AY"
"3362","N835MH"
"3363","N835MQ"
"3364","N835UA"
"3365","N835VA"
"3366","N836AS"
"3367","N836AW"
"3368","N836AY"
"3369","N836MQ"
"3370","N836UA"
"3371","N836VA"
"3372","N837AW"
"3373","N837MH"
"3374","N837MQ"
"3375","N837UA"
"3376","N837VA"
"3377","N838AW"
"3378","N838MH"
"3379","N838MQ"
"3380","N838UA"
"3381","N838VA"
"3382","N8390A"
"3383","N839AY"
"3384","N839MH"
"3385","N839MQ"
"3386","N839UA"
"3387","N839VA"
"3388","N8409N"
"3389","N840AS"
"3390","N840AY"
"3391","N840MH"
"3392","N840MQ"
"3393","N840UA"
"3394","N840VA"
"3395","N8412F"
"3396","N8416B"
"3397","N841AY"
"3398","N841MH"
"3399","N841UA"
"3400","N841VA"
"3401","N8423C"
"3402","N842MH"
"3403","N842MQ"
"3404","N842UA"
"3405","N842VA"
"3406","N8432A"
"3407","N843MH"
"3408","N843UA"
"3409","N843VA"
"3410","N8444F"
"3411","N844MH"
"3412","N844MQ"
"3413","N844UA"
"3414","N844VA"
"3415","N8458A"
"3416","N845MH"
"3417","N845MQ"
"3418","N845UA"
"3419","N845VA"
"3420","N846AS"
"3421","N846MQ"
"3422","N846UA"
"3423","N846VA"
"3424","N8475B"
"3425","N8477R"
"3426","N847MQ"
"3427","N847UA"
"3428","N847VA"
"3429","N8488D"
"3430","N848AS"
"3431","N848MQ"
"3432","N848UA"
"3433","N848VA"
"3434","N8492C"
"3435","N8495B"
"3436","N849MQ"
"3437","N849UA"
"3438","N849VA"
"3439","N8501F"
"3440","N8505Q"
"3441","N8506C"
"3442","N850MQ"
"3443","N850UA"
"3444","N8515F"
"3445","N8516C"
"3446","N851MQ"
"3447","N851NW"
"3448","N851UA"
"3449","N851VA"
"3450","N8525B"
"3451","N852MQ"
"3452","N852UA"
"3453","N852VA"
"3454","N8532G"
"3455","N8533D"
"3456","N853MQ"
"3457","N853UA"
"3458","N853VA"
"3459","N8541D"
"3460","N8543F"
"3461","N854MQ"
"3462","N854NW"
"3463","N854UA"
"3464","N854VA"
"3465","N8554A"
"3466","N855MQ"
"3467","N855UA"
"3468","N855VA"
"3469","N8560F"
"3470","N856MQ"
"3471","N856NW"
"3472","N8577D"
"3473","N857MQ"
"3474","N8580A"
"3475","N8587E"
"3476","N8588D"
"3477","N858AS"
"3478","N858MQ"
"3479","N8598B"
"3480","N859AS"
"3481","N8600F"
"3482","N8601C"
"3483","N8602F"
"3484","N8603F"
"3485","N8604C"
"3486","N8604K"
"3487","N8605E"
"3488","N8606C"
"3489","N8607M"
"3490","N8608N"
"3491","N8609A"
"3492","N8610A"
"3493","N8611A"
"3494","N8611F"
"3495","N8612K"
"3496","N8613K"
"3497","N8614M"
"3498","N8615E"
"3499","N8616C"
"3500","N8617E"
"3501","N8618N"
"3502","N8619F"
"3503","N8620H"
"3504","N8621A"
"3505","N8623A"
"3506","N862DA"
"3507","N8631E"
"3508","N863DA"
"3509","N8646A"
"3510","N8659B"
"3511","N865DA"
"3512","N8665A"
"3513","N8672A"
"3514","N8673D"
"3515","N8674A"
"3516","N8683B"
"3517","N8688C"
"3518","N8694A"
"3519","N8696C"
"3520","N8698A"
"3521","N8709A"
"3522","N870AS"
"3523","N8710A"
"3524","N8718E"
"3525","N871AS"
"3526","N8721B"
"3527","N8733G"
"3528","N8736A"
"3529","N8745B"
"3530","N8747B"
"3531","N87507"
"3532","N87512"
"3533","N87513"
"3534","N8751D"
"3535","N87527"
"3536","N87531"
"3537","N8758D"
"3538","N8771A"
"3539","N8775A"
"3540","N877AS"
"3541","N8783E"
"3542","N8790A"
"3543","N8794B"
"3544","N8797A"
"3545","N8800G"
"3546","N8808H"
"3547","N881AS"
"3548","N8828D"
"3549","N8836A"
"3550","N8837B"
"3551","N8839E"
"3552","N8847A"
"3553","N8855A"
"3554","N8869B"
"3555","N8877A"
"3556","N8883E"
"3557","N8884E"
"3558","N8886A"
"3559","N8888D"
"3560","N8891A"
"3561","N8894A"
"3562","N8896A"
"3563","N8903A"
"3564","N8905F"
"3565","N8907A"
"3566","N8908D"
"3567","N8913A"
"3568","N8914A"
"3569","N8918B"
"3570","N891AT"
"3571","N8921B"
"3572","N8923A"
"3573","N8924B"
"3574","N8928A"
"3575","N892AT"
"3576","N8930E"
"3577","N8932C"
"3578","N8933B"
"3579","N8936A"
"3580","N8938A"
"3581","N893AT"
"3582","N8940E"
"3583","N8942A"
"3584","N8943A"
"3585","N8944B"
"3586","N8946A"
"3587","N8948B"
"3588","N894AT"
"3589","N895AT"
"3590","N8960A"
"3591","N8964E"
"3592","N8965E"
"3593","N8968E"
"3594","N8969A"
"3595","N896AT"
"3596","N8970D"
"3597","N8971A"
"3598","N8972E"
"3599","N8974C"
"3600","N8976E"
"3601","N8977A"
"3602","N8980A"
"3603","N8982A"
"3604","N8986B"
"3605","N899AT"
"3606","N8EGMQ"
"3607","N900DE"
"3608","N900EV"
"3609","N900MQ"
"3610","N900PC"
"3611","N900WN"
"3612","N901DE"
"3613","N901WN"
"3614","N901XJ"
"3615","N902DA"
"3616","N902DE"
"3617","N902FJ"
"3618","N902MQ"
"3619","N902WN"
"3620","N902XJ"
"3621","N903DA"
"3622","N903DE"
"3623","N903FJ"
"3624","N903JB"
"3625","N903WN"
"3626","N903XJ"
"3627","N904DA"
"3628","N904DE"
"3629","N904DL"
"3630","N904FJ"
"3631","N904WN"
"3632","N904XJ"
"3633","N905DA"
"3634","N905DE"
"3635","N905DL"
"3636","N905FJ"
"3637","N905MQ"
"3638","N905WN"
"3639","N905XJ"
"3640","N906AT"
"3641","N906DA"
"3642","N906DE"
"3643","N906DL"
"3644","N906FJ"
"3645","N906MQ"
"3646","N906WN"
"3647","N906XJ"
"3648","N907DA"
"3649","N907DE"
"3650","N907DL"
"3651","N907FJ"
"3652","N907JB"
"3653","N907MQ"
"3654","N907WN"
"3655","N907XJ"
"3656","N908DE"
"3657","N908DL"
"3658","N908FJ"
"3659","N908MQ"
"3660","N908WN"
"3661","N908XJ"
"3662","N909DE"
"3663","N909DL"
"3664","N909EV"
"3665","N909FJ"
"3666","N909MQ"
"3667","N909WN"
"3668","N909XJ"
"3669","N910AT"
"3670","N910DE"
"3671","N910DL"
"3672","N910DN"
"3673","N910FJ"
"3674","N910FR"
"3675","N910WN"
"3676","N910XJ"
"3677","N911DA"
"3678","N911DE"
"3679","N911DL"
"3680","N911FJ"
"3681","N912DE"
"3682","N912DL"
"3683","N912DN"
"3684","N912FJ"
"3685","N912WN"
"3686","N912XJ"
"3687","N913DE"
"3688","N913DL"
"3689","N913DN"
"3690","N913EV"
"3691","N913FJ"
"3692","N913JB"
"3693","N913WN"
"3694","N913XJ"
"3695","N914DE"
"3696","N914DL"
"3697","N914DN"
"3698","N914FJ"
"3699","N914WN"
"3700","N914XJ"
"3701","N915AT"
"3702","N915DE"
"3703","N915DL"
"3704","N915DN"
"3705","N915FJ"
"3706","N915WN"
"3707","N915XJ"
"3708","N916DE"
"3709","N916DL"
"3710","N916DN"
"3711","N916FJ"
"3712","N916WN"
"3713","N916XJ"
"3714","N917DE"
"3715","N917DL"
"3716","N917DN"
"3717","N917FJ"
"3718","N917WN"
"3719","N917XJ"
"3720","N918DE"
"3721","N918DH"
"3722","N918DL"
"3723","N918FJ"
"3724","N918MQ"
"3725","N918WN"
"3726","N918XJ"
"3727","N919AT"
"3728","N919DE"
"3729","N919DL"
"3730","N919DN"
"3731","N919FJ"
"3732","N919WN"
"3733","N919XJ"
"3734","N920AT"
"3735","N920DE"
"3736","N920DL"
"3737","N920DN"
"3738","N920FJ"
"3739","N920WN"
"3740","N920XJ"
"3741","N921AT"
"3742","N921DL"
"3743","N921DN"
"3744","N921FJ"
"3745","N921WN"
"3746","N921XJ"
"3747","N922AT"
"3748","N922DL"
"3749","N922EV"
"3750","N922FJ"
"3751","N922MQ"
"3752","N922WN"
"3753","N922XJ"
"3754","N923AT"
"3755","N923DL"
"3756","N923DN"
"3757","N923FJ"
"3758","N923MQ"
"3759","N923WN"
"3760","N923XJ"
"3761","N924AT"
"3762","N924DL"
"3763","N924FJ"
"3764","N924WN"
"3765","N924XJ"
"3766","N925AT"
"3767","N925DL"
"3768","N925FJ"
"3769","N925MQ"
"3770","N925WN"
"3771","N925XJ"
"3772","N926AT"
"3773","N926DL"
"3774","N926EV"
"3775","N926LR"
"3776","N926WN"
"3777","N926XJ"
"3778","N927AT"
"3779","N927DA"
"3780","N927LR"
"3781","N927WN"
"3782","N927XJ"
"3783","N928AT"
"3784","N928DL"
"3785","N928DN"
"3786","N928EV"
"3787","N928LR"
"3788","N928MQ"
"3789","N928WN"
"3790","N928XJ"
"3791","N929AT"
"3792","N929DL"
"3793","N929DN"
"3794","N929LR"
"3795","N929WN"
"3796","N929XJ"
"3797","N930AT"
"3798","N930DL"
"3799","N930LR"
"3800","N930WN"
"3801","N930XJ"
"3802","N931DL"
"3803","N931LR"
"3804","N931MQ"
"3805","N931WN"
"3806","N931XJ"
"3807","N932AT"
"3808","N932DL"
"3809","N932DN"
"3810","N932LR"
"3811","N932MQ"
"3812","N932WN"
"3813","N932XJ"
"3814","N933AT"
"3815","N933DL"
"3816","N933DN"
"3817","N933LR"
"3818","N933MQ"
"3819","N933WN"
"3820","N933XJ"
"3821","N934AT"
"3822","N934DL"
"3823","N934FJ"
"3824","N934WN"
"3825","N934XJ"
"3826","N935AT"
"3827","N935DL"
"3828","N935LR"
"3829","N935MQ"
"3830","N935WN"
"3831","N935XJ"
"3832","N936AT"
"3833","N936DL"
"3834","N936WN"
"3835","N936XJ"
"3836","N937AT"
"3837","N937DL"
"3838","N937DN"
"3839","N937WN"
"3840","N937XJ"
"3841","N938AT"
"3842","N938DL"
"3843","N938LR"
"3844","N938WN"
"3845","N939AT"
"3846","N939DL"
"3847","N939DN"
"3848","N939LR"
"3849","N939MQ"
"3850","N939WN"
"3851","N940AT"
"3852","N940DL"
"3853","N940UW"
"3854","N940WN"
"3855","N941DL"
"3856","N941DN"
"3857","N941FR"
"3858","N941MQ"
"3859","N941UW"
"3860","N941WN"
"3861","N942AT"
"3862","N942DL"
"3863","N942LR"
"3864","N942MQ"
"3865","N942WN"
"3866","N943AT"
"3867","N943DL"
"3868","N943DN"
"3869","N943FR"
"3870","N943WN"
"3871","N944AT"
"3872","N944DL"
"3873","N944DN"
"3874","N944UW"
"3875","N944WN"
"3876","N945AT"
"3877","N945DL"
"3878","N945DN"
"3879","N945UW"
"3880","N945WN"
"3881","N946AT"
"3882","N946DL"
"3883","N946UW"
"3884","N946WN"
"3885","N947AT"
"3886","N947DL"
"3887","N947UW"
"3888","N947WN"
"3889","N948AT"
"3890","N948DL"
"3891","N948FR"
"3892","N948UW"
"3893","N948WN"
"3894","N949AT"
"3895","N949DL"
"3896","N949UW"
"3897","N949WN"
"3898","N950AT"
"3899","N950DL"
"3900","N950UW"
"3901","N950WN"
"3902","N951AT"
"3903","N951DL"
"3904","N951FR"
"3905","N951UW"
"3906","N951WN"
"3907","N952AT"
"3908","N952DL"
"3909","N952FR"
"3910","N952UW"
"3911","N952WN"
"3912","N953AT"
"3913","N953DL"
"3914","N953DN"
"3915","N953FR"
"3916","N953UW"
"3917","N953WN"
"3918","N954AT"
"3919","N954DL"
"3920","N954UW"
"3921","N954WN"
"3922","N955AT"
"3923","N955DL"
"3924","N955DN"
"3925","N955UW"
"3926","N955WN"
"3927","N956AT"
"3928","N956DL"
"3929","N956DN"
"3930","N956LR"
"3931","N956UW"
"3932","N956WN"
"3933","N957AT"
"3934","N957DL"
"3935","N957DN"
"3936","N957UW"
"3937","N957WN"
"3938","N958AT"
"3939","N958DL"
"3940","N958DN"
"3941","N958UW"
"3942","N958WN"
"3943","N959AT"
"3944","N959DL"
"3945","N959DN"
"3946","N959UW"
"3947","N959WN"
"3948","N960AT"
"3949","N960DL"
"3950","N960DN"
"3951","N960WN"
"3952","N961AT"
"3953","N961DL"
"3954","N961DN"
"3955","N961UW"
"3956","N961WN"
"3957","N962DL"
"3958","N962DN"
"3959","N962WN"
"3960","N963AT"
"3961","N963DL"
"3962","N963DN"
"3963","N963UW"
"3964","N963WN"
"3965","N964AT"
"3966","N964DL"
"3967","N964DN"
"3968","N964WN"
"3969","N965AT"
"3970","N965DL"
"3971","N965DN"
"3972","N965UW"
"3973","N965WN"
"3974","N966AT"
"3975","N966DL"
"3976","N966WN"
"3977","N967AT"
"3978","N967DL"
"3979","N967UW"
"3980","N967WN"
"3981","N968AT"
"3982","N968DL"
"3983","N968WN"
"3984","N969AT"
"3985","N969DL"
"3986","N969WN"
"3987","N970AT"
"3988","N970DL"
"3989","N971AT"
"3990","N971DL"
"3991","N972AT"
"3992","N972DL"
"3993","N973DL"
"3994","N974AT"
"3995","N974DL"
"3996","N975AT"
"3997","N975DL"
"3998","N976DL"
"3999","N977AT"
"4000","N977DL"
"4001","N978AT"
"4002","N978DL"
"4003","N978SW"
"4004","N979AT"
"4005","N979DL"
"4006","N980AT"
"4007","N980DL"
"4008","N981AT"
"4009","N981DL"
"4010","N982AT"
"4011","N982DL"
"4012","N983AT"
"4013","N983DL"
"4014","N984DL"
"4015","N985AT"
"4016","N985DL"
"4017","N986AT"
"4018","N986DL"
"4019","N987AT"
"4020","N987DL"
"4021","N988AT"
"4022","N988DL"
"4023","N989AT"
"4024","N989DL"
"4025","N990AT"
"4026","N990DL"
"4027","N991AT"
"4028","N991DL"
"4029","N992AT"
"4030","N992DL"
"4031","N993AT"
"4032","N993DL"
"4033","N994AT"
"4034","N994DL"
"4035","N995AT"
"4036","N995DL"
"4037","N996AT"
"4038","N996DL"
"4039","N997AT"
"4040","N997DL"
"4041","N998AT"
"4042","N998DL"
"4043","N999DN"
"4044","N9EAMQ"
